{
  "baselines": {
    "class_frequency": {
      "test": {
        "accuracy": 0.4791526109836729,
        "brier": 0.6331574061708042,
        "log_loss": 1.0499597812728856,
        "n": 7411
      }
    },
    "elo_logistic": {
      "test": {
        "accuracy": 0.6011334502766158,
        "brier": 0.5159526273381067,
        "log_loss": 0.8766778638245132,
        "n": 7411
      }
    },
    "recent_form_logistic": {
      "test": {
        "accuracy": 0.5459452165699635,
        "brier": 0.5717710281552545,
        "log_loss": 0.9636815427724319,
        "n": 7411
      }
    },
    "uniform_random": {
      "test": {
        "accuracy": 0.4791526109836729,
        "brier": 0.6666666666666667,
        "log_loss": 1.0986122886681096,
        "n": 7411
      }
    },
    "weighted_ensemble": {
      "test": {
        "accuracy": 0.5759006881662394,
        "brier": 0.550528027753489,
        "log_loss": 0.9359622769023583,
        "n": 7411
      }
    }
  },
  "calibration_method": "isotonic",
  "classes": [
    "team_a_win",
    "draw",
    "team_b_win"
  ],
  "comparison": {
    "beats_best_baseline": true,
    "best_baseline_test_log_loss": 0.8766778638245132,
    "main_calibrated_test_log_loss": 0.8667826460876981
  },
  "features": [
    "form_5_diff",
    "form_10_diff",
    "goals_for_5_diff",
    "goals_against_5_diff",
    "goal_diff_10_diff",
    "rest_days_diff",
    "elo_diff",
    "is_team_a_home",
    "is_neutral"
  ],
  "main_model": {
    "test": {
      "base": {
        "accuracy": 0.6053164215355552,
        "brier": 0.5079081272811741,
        "log_loss": 0.8652926580262079,
        "n": 7411
      },
      "calibrated": {
        "accuracy": 0.6084199163405748,
        "brier": 0.5063971594454889,
        "log_loss": 0.8667826460876981,
        "n": 7411
      }
    },
    "test_calibration_error": {
      "base": 0.022455566238615932,
      "calibrated": 0.015603398688395857
    },
    "validation": {
      "base": {
        "accuracy": 0.5831871542301984,
        "brier": 0.5307641887724316,
        "log_loss": 0.9006870894310223,
        "n": 7411
      },
      "calibrated": {
        "accuracy": 0.5856159762515181,
        "brier": 0.5263589304603661,
        "log_loss": 0.8914182207879845,
        "n": 7411
      }
    }
  }
}
