{
  "baselines": {
    "class_frequency": {
      "test": {
        "accuracy": 0.4791526109836729,
        "brier": 0.6331574061708042,
        "log_loss": 1.0499597812728856,
        "n": 7411
      }
    },
    "recent_form_logistic": {
      "test": {
        "accuracy": 0.5459452165699635,
        "brier": 0.5717710281552545,
        "log_loss": 0.9636815427724319,
        "n": 7411
      }
    },
    "uniform_random": {
      "test": {
        "accuracy": 0.4791526109836729,
        "brier": 0.6666666666666667,
        "log_loss": 1.0986122886681096,
        "n": 7411
      }
    },
    "weighted_ensemble": {
      "test": {
        "accuracy": 0.5185535015517474,
        "brier": 0.5917245422931456,
        "log_loss": 0.9934855018589873,
        "n": 7411
      }
    }
  },
  "calibration_method": "isotonic",
  "classes": [
    "team_a_win",
    "draw",
    "team_b_win"
  ],
  "comparison": {
    "beats_best_baseline": true,
    "best_baseline_test_log_loss": 0.9636815427724319,
    "main_calibrated_test_log_loss": 0.9583237877026517
  },
  "features": [
    "form_5_diff",
    "form_10_diff",
    "goals_for_5_diff",
    "goals_against_5_diff",
    "goal_diff_10_diff",
    "rest_days_diff",
    "is_team_a_home",
    "is_neutral"
  ],
  "main_model": {
    "test": {
      "base": {
        "accuracy": 0.5487788422615032,
        "brier": 0.5685546631089159,
        "log_loss": 0.9593324465310529,
        "n": 7411
      },
      "calibrated": {
        "accuracy": 0.5508028606126029,
        "brier": 0.5675099510788472,
        "log_loss": 0.9583237877026517,
        "n": 7411
      }
    },
    "test_calibration_error": {
      "base": 0.019754351603677094,
      "calibrated": 0.0162895103977708
    },
    "validation": {
      "base": {
        "accuracy": 0.535285386587505,
        "brier": 0.5819735537538344,
        "log_loss": 0.979490099342955,
        "n": 7411
      },
      "calibrated": {
        "accuracy": 0.5355552557009851,
        "brier": 0.5780979618626452,
        "log_loss": 0.9714496609102791,
        "n": 7411
      }
    }
  }
}
